fishno,folder,picname,cal ,pop
202100041_A1,PA,202100041_A1_R_W,413,Pacific
202100041_A10,PA,202100041_A10_R_W,413,Pacific
202100041_A12,PA,202100041_A12_R_W,413,Pacific
202100041_A2,PA,202100041_A2_R_W,413,Pacific
202100041_A3,PA,202100041_A3_R_W,413,Pacific
202100041_A4,PA,202100041_A4_R_W,413,Pacific
202100041_A5,PA,202100041_A5_R_W,413,Pacific
202100041_A6,PA,202100041_A6_R_W,413,Pacific
202100041_A7,PA,202100041_A7_R_W,413,Pacific
202100041_A8,PA,202100041_A8_R_W,413,Pacific
202100041_B1,PA,202100041_B1_R_W,413,Pacific
202100041_B10,PA,202100041_B10_R_W,413,Pacific
202100041_B11,PA,202100041_B11_R_W,413,Pacific
202100041_B2,PA,202100041_B2_R_W,413,Pacific
202100041_B3,PA,202100041_B3_R_W,413,Pacific
202100041_B4,PA,202100041_B4_R_W,413,Pacific
202100041_B7,PA,202100041_B7_R_W,413,Pacific
202100041_B8,PA,202100041_B8_R_W,413,Pacific
202100041_C10,PA,202100041_C10_R_W,413,Pacific
202100041_C11,PA,202100041_C11_R_W,413,Pacific
202100041_C12,PA,202100041_C12_R_W,413,Pacific
202100041_C2,PA,202100041_C2_R_W,413,Pacific
202100041_C4,PA,202100041_C4_R_W,413,Pacific
202100041_C5,PA,202100041_C5_R_W,413,Pacific
202100041_C6,PA,202100041_C6_R_W,413,Pacific
202100041_C7,PA,202100041_C7_R_W,413,Pacific
202100041_C8,PA,202100041_C8_R_W,413,Pacific
202100041_C9,PA,202100041_C9_R_W,413,Pacific
202100041_D1,PA,202100041_D1_R_W,413,Pacific
202100041_D10,PA,202100041_D10_R_W,413,Pacific
202100041_D12,PA,202100041_D12_R_W,413,Pacific
202100041_D2,PA,202100041_D2_R_W,413,Pacific
202100041_D3,PA,202100041_D3_R_W,413,Pacific
202100041_D5,PA,202100041_D5_R_W,413,Pacific
202100041_D6,PA,202100041_D6_R_W,413,Pacific
202100041_D7,PA,202100041_D7_R_W,413,Pacific
202100041_D9,PA,202100041_D9_R_W,413,Pacific
202100041_E1,PA,202100041_E1_R_W,413,Pacific
202100041_E11,PA,202100041_E11_R_W,413,Pacific
202100041_E2,PA,202100041_E2_R_W,413,Pacific
202100041_E3,PA,202100041_E3_R_W,413,Pacific
202100041_E4,PA,202100041_E4_R_W,413,Pacific
202100041_E5,PA,202100041_E5_R_W,413,Pacific
202100041_E6,PA,202100041_E6_R_W,413,Pacific
202100041_F1,PA,202100041_F1_R_W,413,Pacific
202100041_F10,PA,202100041_F10_R_W,413,Pacific
202100041_F11,PA,202100041_F11_R_W,413,Pacific
202100041_F3,PA,202100041_F3_R_W,413,Pacific
202100041_F4,PA,202100041_F4_R_W,413,Pacific
202100041_F5,PA,202100041_F5_R_W,413,Pacific
202100041_F6,PA,202100041_F6_R_W,413,Pacific
202100041_F7,PA,202100041_F7_R_W,413,Pacific
202100041_F8,PA,202100041_F8_L_W,413,Pacific
202100041_G1,PA,202100041_G1_R_W,413,Pacific
202100041_G11,PA,202100041_G11_R_W,413,Pacific
202100041_G12,PA,202100041_G12_R_W,413,Pacific
202100041_G2,PA,202100041_G2_R_W,413,Pacific
202100041_G3,PA,202100041_G3_R_W,413,Pacific
202100041_G4,PA,202100041_G4_R_W,413,Pacific
202100041_G5,PA,202100041_G5_R_W,413,Pacific
202100041_G6,PA,202100041_G6_R_W,413,Pacific
202100041_G7,PA,202100041_G7_R_W,413,Pacific
202100041_G8,PA,202100041_G8_R_W,413,Pacific
202100041_G9,PA,202100041_G9_R_W,413,Pacific
202100041_H1,PA,202100041_H1_R_W,413,Pacific
202100041_H10,PA,202100041_H10_R_W,413,Pacific
202100041_H11,PA,202100041_H11_R_W,413,Pacific
202100041_H12,PA,202100041_H12_R_W,413,Pacific
202100041_H2,PA,202100041_H2_R_W,413,Pacific
202100041_H3,PA,202100041_H3_R_W,413,Pacific
202100041_H4,PA,202100041_H4_R_W,413,Pacific
202100041_H5,PA,202100041_H5_R_W,413,Pacific
202100041_H6,PA,202100041_H6_R_W,413,Pacific
202100041_H7,PA,202100041_H7_R_W,413,Pacific
202100041_H8,PA,202100041_H8_R_W,413,Pacific
202100043_A1,PA,202100043_A1_R_W,413,Pacific
202100043_A10,PA,202100043_A10_R_W,413,Pacific
202100043_A11,PA,202100043_A11_R_W,413,Pacific
202100043_A12,PA,202100043_A12_R_W,413,Pacific
202100043_A2,PA,202100043_A2_R_W,413,Pacific
202100043_A3,PA,202100043_A3_R_W,413,Pacific
202100043_A4,PA,202100043_A4_R_W,413,Pacific
202100043_A5,PA,202100043_A5_R_W,413,Pacific
202100043_A6,PA,202100043_A6_R_W,413,Pacific
202100043_A8,PA,202100043_A8_R_W,413,Pacific
202100043_A9,PA,202100043_A9_R_W,413,Pacific
202100043_B10,PA,202100043_B10_R_W,413,Pacific
202100043_B11,PA,202100043_B11_R_W,413,Pacific
202100043_B12,PA,202100043_B12_R_W,413,Pacific
202100043_B2,PA,202100043_B2_R_W,413,Pacific
202100043_B3,PA,202100043_B3_R_W,413,Pacific
202100043_B4,PA,202100043_B4_R_W,413,Pacific
202100043_B5,PA,202100043_B5_R_W,413,Pacific
202100043_B6,PA,202100043_B6_R_W,413,Pacific
202100043_B7,PA,202100043_B7_R_W,413,Pacific
202100043_B8,PA,202100043_B8_R_W,413,Pacific
202100043_B9,PA,202100043_B9_R_W,413,Pacific
202100043_C1,PA,202100043_C1_R_W,413,Pacific
202100043_C12,PA,202100043_C12_R_W,413,Pacific
202100043_C2,PA,202100043_C2_R_W,413,Pacific
202100043_C3,PA,202100043_C3_R_W,413,Pacific
202100043_C4,PA,202100043_C4_R_W,413,Pacific
202100043_C5,PA,202100043_C5_R_W,413,Pacific
202100043_C6,PA,202100043_C6_R_W,413,Pacific
202100043_C7,PA,202100043_C7_R_W,413,Pacific
202100043_C8,PA,202100043_C8_R_W,413,Pacific
202100043_C9,PA,202100043_C9_R_W,413,Pacific
202100043_D1,PA,202100043_D1_R_W,413,Pacific
202100043_D10,PA,202100043_D10_R_W,413,Pacific
202100043_D11,PA,202100043_D11_R_W,413,Pacific
202100043_D12,PA,202100043_D12_R_W,413,Pacific
202100043_D3,PA,202100043_D3_R_W,413,Pacific
202100043_D4,PA,202100043_D4_R_W,413,Pacific
202100043_D5,PA,202100043_D5_R_W,413,Pacific
202100043_D6,PA,202100043_D6_R_W,413,Pacific
202100043_D7,PA,202100043_D7_R_W,413,Pacific
202100043_D8,PA,202100043_D8_R_W,413,Pacific
202100043_D9,PA,202100043_D9_R_W,413,Pacific
202100043_E1,PA,202100043_E1_R_W,413,Pacific
202100043_E10,PA,202100043_E10_R_W,413,Pacific
202100043_E11,PA,202100043_E11_R_W,413,Pacific
202100043_E12,PA,202100043_E12_R_W,413,Pacific
202100043_E2,PA,202100043_E2_R_W,413,Pacific
202100043_E5,PA,202100043_E5_R_W,413,Pacific
202100043_E6,PA,202100043_E6_R_W,413,Pacific
202100043_E7,PA,202100043_E7_R_W,413,Pacific
202100043_E8,PA,202100043_E8_R_W,413,Pacific
202100043_E9,PA,202100043_E9_R_W,413,Pacific
202100043_F1,PA,202100043_F1_R_W,413,Pacific
202100043_F10,PA,202100043_F10_R_W,413,Pacific
202100043_F11,PA,202100043_F11_R_W,413,Pacific
202100043_F12,PA,202100043_F12_R_W,413,Pacific
202100043_F2,PA,202100043_F2_R_W,413,Pacific
202100043_F3,PA,202100043_F3_R_W,413,Pacific
202100043_F4,PA,202100043_F4_R_W,413,Pacific
202100043_F5,PA,202100043_F5_R_W,413,Pacific
202100043_F6,PA,202100043_F6_R_W,413,Pacific
202100043_F7,PA,202100043_F7_R_W,413,Pacific
202100043_F8,PA,202100043_F8_R_W,413,Pacific
202100043_F9,PA,202100043_F9_R_W,413,Pacific
202100043_G1,PA,202100043_G1_R_W,413,Pacific
202100043_G10,PA,202100043_G10_R_W,413,Pacific
202100043_G11,PA,202100043_G11_R_W,413,Pacific
202100043_G12,PA,202100043_G12_R_W,413,Pacific
202100043_G3,PA,202100043_G3_R_W,413,Pacific
202100043_G4,PA,202100043_G4_R_W,413,Pacific
202100043_G5,PA,202100043_G5_R_W,413,Pacific
202100043_G6,PA,202100043_G6_R_W,413,Pacific
202100043_G7,PA,202100043_G7_R_W,413,Pacific
202100043_G8,PA,202100043_G8_R_W,413,Pacific
202100043_G9,PA,202100043_G9_R_W,413,Pacific
202100043_H1,PA,202100043_H1_R_W,413,Pacific
202100043_H10,PA,202100043_H10_R_W,413,Pacific
202100043_H11,PA,202100043_H11_R_W,413,Pacific
202100043_H2,PA,202100043_H2_R_W,413,Pacific
202100043_H3,PA,202100043_H3_R_W,413,Pacific
202100043_H4,PA,202100043_H4_R_W,413,Pacific
202100043_H5,PA,202100043_H5_R_W,413,Pacific
202100043_H6,PA,202100043_H6_R_W,413,Pacific
202100043_H7,PA,202100043_H7_R_W,413,Pacific
202100043_H8,PA,202100043_H8_R_W,413,Pacific
202100043_H9,PA,202100043_H9_R_W,413,Pacific
202100045_A1,PA,202100045_A1_R_W,413,Pacific
202100045_A10,PA,202100045_A10_R_W,413,Pacific
202100045_A11,PA,202100045_A11_R_W,413,Pacific
202100045_A12,PA,202100045_A12_R_W,413,Pacific
202100045_A2,PA,202100045_A2_R_W,413,Pacific
202100045_A4,PA,202100045_A4_R_W,413,Pacific
202100045_A5,PA,202100045_A5_R_W,413,Pacific
202100045_A6,PA,202100045_A6_R_W,413,Pacific
202100045_A7,PA,202100045_A7_R_W,413,Pacific
202100045_A8,PA,202100045_A8_R_W,413,Pacific
202100045_A9,PA,202100045_A9_R_W,413,Pacific
202100045_B10,PA,202100045_B10_R_W,413,Pacific
202100045_B11,PA,202100045_B11_R_W,413,Pacific
202100045_B12,PA,202100045_B12_R_W,413,Pacific
202100045_B2,PA,202100045_B2_R_W,413,Pacific
202100045_B4,PA,202100045_B4_R_W,413,Pacific
202100045_B5,PA,202100045_B5_R_W,413,Pacific
202100045_B7,PA,202100045_B7_R_W,413,Pacific
202100045_B8,PA,202100045_B8_R_W,413,Pacific
202100045_B9,PA,202100045_B9_R_W,413,Pacific
202100045_C1,PA,202100045_C1_R_W,413,Pacific
202100045_C10,PA,202100045_C10_R_W,413,Pacific
202100045_C11,PA,202100045_C11_R_W,413,Pacific
202100045_C2,PA,202100045_C2_R_W,413,Pacific
202100045_C3,PA,202100045_C3_R_W,413,Pacific
202100045_C4,PA,202100045_C4_R_W,413,Pacific
202100045_C5,PA,202100045_C5_R_W,413,Pacific
202100045_C6,PA,202100045_C6_R_W,413,Pacific
202100045_C7,PA,202100045_C7_R_W,413,Pacific
202100045_C9,PA,202100045_C9_R_W,413,Pacific
202100045_D1,PA,202100045_D1_R_W,413,Pacific
202100045_D10,PA,202100045_D10_R_W,413,Pacific
202100045_D12,PA,202100045_D12_R_W,413,Pacific
202100045_D3,PA,202100045_D3_R_W,413,Pacific
202100045_D4,PA,202100045_D4_R_W,413,Pacific
202100045_D6,PA,202100045_D6_R_W,413,Pacific
202100045_D7,PA,202100045_D7_R_W,413,Pacific
202100045_D8,PA,202100045_D8_R_W,413,Pacific
202100045_D9,PA,202100045_D9_R_W,413,Pacific
202100045_E1,PA,202100045_E1_R_W,413,Pacific
202100045_E10,PA,202100045_E10_R_W,413,Pacific
202100045_E11,PA,202100045_E11_R_W,413,Pacific
202100045_E2,PA,202100045_E2_R_W,413,Pacific
202100045_E3,PA,202100045_E3_R_W,413,Pacific
202100045_E4,PA,202100045_E4_R_W,413,Pacific
202100045_E5,PA,202100045_E5_R_W,413,Pacific
202100045_E7,PA,202100045_E7_R_W,413,Pacific
202100045_E9,PA,202100045_E9_R_W,413,Pacific
202100045_F1,PA,202100045_F1_R_W,413,Pacific
202100045_F11,PA,202100045_F11_R_W,413,Pacific
202100045_F12,PA,202100045_F12_R_W,413,Pacific
202100045_F2,PA,202100045_F2_R_W,413,Pacific
202100045_F3,PA,202100045_F3_R_W,413,Pacific
202100045_F4,PA,202100045_F4_R_W,413,Pacific
202100045_F5,PA,202100045_F5_R_W,413,Pacific
202100045_F6,PA,202100045_F6_R_W,413,Pacific
202100045_F7,PA,202100045_F7_R_W,413,Pacific
202100045_F8,PA,202100045_F8_R_W,413,Pacific
202100045_F9,PA,202100045_F9_R_W,413,Pacific
202100045_G10,PA,202100045_G10_R_W,413,Pacific
202100045_G11,PA,202100045_G11_R_W,413,Pacific
202100045_G12,PA,202100045_G12_R_W,413,Pacific
202100045_G2,PA,202100045_G2_R_W,413,Pacific
202100045_G3,PA,202100045_G3_R_W,413,Pacific
202100045_G4,PA,202100045_G4_R_W,413,Pacific
202100045_G8,PA,202100045_G8_R_W,413,Pacific
202100045_G9,PA,202100045_G9_R_W,413,Pacific
202100045_H1,PA,202100045_H1_R_W,413,Pacific
202100045_H11,PA,202100045_H11_R_W,413,Pacific
202100045_H12,PA,202100045_H12_R_W,413,Pacific
202100045_H2,PA,202100045_H2_R_W,413,Pacific
202100045_H5,PA,202100045_H5_R_W,413,Pacific
202100045_H6,PA,202100045_H6_R_W,413,Pacific
202100045_H7,PA,202100045_H7_R_W,413,Pacific
202100045_H8,PA,202100045_H8_R_W,413,Pacific
202100048_A1,PA,202100048_A1_R_W,413,Pacific
202100048_A10,PA,202100048_A10_R_W,413,Pacific
202100048_A11,PA,202100048_A11_R_W,413,Pacific
202100048_A12,PA,202100048_A12_R_W,413,Pacific
202100048_A2,PA,202100048_A2_R_W,413,Pacific
202100048_A3,PA,202100048_A3_R_W,413,Pacific
202100048_A4,PA,202100048_A4_R_W,413,Pacific
202100048_A5,PA,202100048_A5_L_W,413,Pacific
202100048_A6,PA,202100048_A6_R_W,413,Pacific
202100048_A7,PA,202100048_A7_R_W,413,Pacific
202100048_A8,PA,202100048_A8_R_W,413,Pacific
202100048_A9,PA,202100048_A9_R_W,413,Pacific
202100048_B1,PA,202100048_B1_R_W,413,Pacific
202100048_B10,PA,202100048_B10_R_W,413,Pacific
202100048_B11,PA,202100048_B11_R_W,413,Pacific
202100048_B12,PA,202100048_B12_R_W,413,Pacific
202100048_B2,PA,202100048_B2_R_W,413,Pacific
202100048_B5,PA,202100048_B5_R_W,413,Pacific
202100048_B6,PA,202100048_B6_R_W,413,Pacific
202100048_B7,PA,202100048_B7_R_W,413,Pacific
202100048_B8,PA,202100048_B8_R_W,413,Pacific
202100048_B9,PA,202100048_B9_R_W,413,Pacific
202100048_C1,PA,202100048_C1_R_W,413,Pacific
202100048_C10,PA,202100048_C10_R_W,413,Pacific
202100048_C11,PA,202100048_C11_R_W,413,Pacific
202100048_C12,PA,202100048_C12_R_W,413,Pacific
202100048_C2,PA,202100048_C2_R_W,413,Pacific
202100048_C3,PA,202100048_C3_R_W,413,Pacific
202100048_C4,PA,202100048_C4_R_W,413,Pacific
202100048_C5,PA,202100048_C5_R_W,413,Pacific
202100048_C6,PA,202100048_C6_R_W,413,Pacific
202100048_C7,PA,202100048_C7_R_W,413,Pacific
202100048_C8,PA,202100048_C8_R_W,413,Pacific
202100048_C9,PA,202100048_C9_R_W,413,Pacific
202100048_D1,PA,202100048_D1_R_W,413,Pacific
202100048_D10,PA,202100048_D10_R_W,413,Pacific
202100048_D11,PA,202100048_D11_R_W,413,Pacific
202100048_D12,PA,202100048_D12_R_W,413,Pacific
202100048_D2,PA,202100048_D2_R_W,413,Pacific
202100048_D3,PA,202100048_D3_R_W,413,Pacific
202100048_D4,PA,202100048_D4_R_W,413,Pacific
202100048_D7,PA,202100048_D7_R_W,413,Pacific
202100048_E1,PA,202100048_E1_R_W,413,Pacific
202100048_E10,PA,202100048_E10_R_W,413,Pacific
202100048_E11,PA,202100048_E11_R_W,413,Pacific
202100048_E12,PA,202100048_E12_R_W,413,Pacific
202100048_E2,PA,202100048_E2_R_W,413,Pacific
202100048_E3,PA,202100048_E3_R_W,413,Pacific
202100048_E4,PA,202100048_E4_R_W,413,Pacific
202100048_E5,PA,202100048_E5_R_W,413,Pacific
202100048_E6,PA,202100048_E6_R_W,413,Pacific
202100048_E7,PA,202100048_E7_R_W,413,Pacific
202100048_E8,PA,202100048_E8_R_W,413,Pacific
202100048_E9,PA,202100048_E9_R_W,413,Pacific
202100048_F1,PA,202100048_F1_R_W,413,Pacific
202100048_F10,PA,202100048_F10_R_W,413,Pacific
202100048_F12,PA,202100048_F12_R_W,413,Pacific
202100048_F2,PA,202100048_F2_R_W,413,Pacific
202100048_F3,PA,202100048_F3_R_W,413,Pacific
202100048_F4,PA,202100048_F4_R_W,413,Pacific
202100048_F5,PA,202100048_F5_R_W,413,Pacific
202100048_F6,PA,202100048_F6_R_W,413,Pacific
202100048_F7,PA,202100048_F7_R_W,413,Pacific
202100048_F8,PA,202100048_F8_R_W,413,Pacific
202100048_G1,PA,202100048_G1_R_W,413,Pacific
202100048_G10,PA,202100048_G10_R_W,413,Pacific
202100048_G11,PA,202100048_G11_L_W,413,Pacific
202100048_G12,PA,202100048_G12_R_W,413,Pacific
202100048_G2,PA,202100048_G2_R_W,413,Pacific
202100048_G3,PA,202100048_G3_R_W,413,Pacific
202100048_G4,PA,202100048_G4_R_W,413,Pacific
202100048_G5,PA,202100048_G5_R_W,413,Pacific
202100048_G6,PA,202100048_G6_R_W,413,Pacific
202100048_G7,PA,202100048_G7_R_W,413,Pacific
202100048_G8,PA,202100048_G8_R_W,413,Pacific
202100048_G9,PA,202100048_G9_R_W,413,Pacific
202100048_H1,PA,202100048_H1_R_W,413,Pacific
202100048_H10,PA,202100048_H10_R_W,413,Pacific
202100048_H11,PA,202100048_H11_R_W,413,Pacific
202100048_H12,PA,202100048_H12_R_W,413,Pacific
202100048_H3,PA,202100048_H3_R_W,413,Pacific
202100048_H4,PA,202100048_H4_R_W,413,Pacific
202100048_H5,PA,202100048_H5_R_W,413,Pacific
202100048_H6,PA,202100048_H6_R_W,413,Pacific
202100048_H7,PA,202100048_H7_R_W,413,Pacific
202100048_H8,PA,202100048_H8_R_W,413,Pacific
202100048_H9,PA,202100048_H9_R_W,413,Pacific
23_293,AT,23_293_L_W,515,Atlantic
23_295,AT,23_295_L_W,515,Atlantic
23_297,AT,23_297_R_W,515,Atlantic
23_299,AT,23_299_L_W,515,Atlantic
23_300,AT,23_300_L_W,515,Atlantic
23_301,AT,23_301_L_W,515,Atlantic
23_301,AT,23_301_R_W,515,Atlantic
23_304,AT,23_304_L_W,515,Atlantic
23_306,AT,23_306_L_W,515,Atlantic
23_306,AT,23_306_R_W,515,Atlantic
23_307,AT,23_307_L_W,515,Atlantic
23_308,AT,23_308_L_W,515,Atlantic
23_309,AT,23_309_R_W,515,Atlantic
23_311,AT,23_311_L_W,515,Atlantic
23_313,AT,23_313_L_W,515,Atlantic
23_313,AT,23_313_R_W,515,Atlantic
23_314,AT,23_314_L_W,515,Atlantic
23_315,AT,23_315_R_W,515,Atlantic
23_316,AT,23_316_L_W,515,Atlantic
23_316,AT,23_316_R_W,515,Atlantic
23_318,AT,23_318_L_W,515,Atlantic
23_318,AT,23_318_R_W,515,Atlantic
23_319,AT,23_319_R_W,515,Atlantic
23_320,AT,23_320_L_W,515,Atlantic
23_320,AT,23_320_R_W,515,Atlantic
23_321,AT,23_321_L_W,515,Atlantic
23_322,AT,23_322_R_W,515,Atlantic
23_323,AT,23_323_L_W,515,Atlantic
23_323,AT,23_323_R_W,515,Atlantic
23_324,AT,23_324_L_W,515,Atlantic
23_324,AT,23_324_R_W,515,Atlantic
23_326,AT,23_326_L_W,515,Atlantic
23_326,AT,23_326_R_W,515,Atlantic
23_327,AT,23_327_L_W,515,Atlantic
23_327,AT,23_327_R_W,515,Atlantic
23_328,AT,23_328_L_W,515,Atlantic
23_329,AT,23_329_L_W,515,Atlantic
23_329,AT,23_329_R_W,515,Atlantic
23_330,AT,23_330_R_W,515,Atlantic
23_331,AT,23_331_L_W,515,Atlantic
23_332,AT,23_332_L_W,515,Atlantic
23_332,AT,23_332_R_W,515,Atlantic
23_333,AT,23_333_L_W,515,Atlantic
23_334,AT,23_334_L_W,515,Atlantic
23_334,AT,23_334_R_W,515,Atlantic
23_335,AT,23_335_L_W,515,Atlantic
23_336,AT,23_336_L_W,515,Atlantic
23_337,AT,23_337_L_W,515,Atlantic
23_337,AT,23_337_R_W,515,Atlantic
23_338,AT,23_338_L_W,515,Atlantic
23_338,AT,23_338_R_W,515,Atlantic
23_339,AT,23_339_R_W,515,Atlantic
23_340,AT,23_340_L_W,515,Atlantic
23_340,AT,23_340_R_W,515,Atlantic
23_341,AT,23_341_L_W,515,Atlantic
23_342,AT,23_342_L_W,515,Atlantic
23_342,AT,23_342_R_W,515,Atlantic
23-18,AT,23-18_L_W,515,Atlantic
23-18,AT,23-18_R_W,515,Atlantic
23-19,AT,23-19_L_W,515,Atlantic
23-19,AT,23-19_R_W,515,Atlantic
23-20,AT,23-20_L_W,515,Atlantic
23-21,AT,23-21_L_W,515,Atlantic
23-22,AT,23-22_R_W,515,Atlantic
23-23,AT,23-23_L_W,515,Atlantic
23-23,AT,23-23_R_W,515,Atlantic
23-24,AT,23-24_R_W,515,Atlantic
23-25,AT,23-25_L_W,515,Atlantic
23-25,AT,23-25_R_W,515,Atlantic
23-26,AT,23-26_R_W,515,Atlantic
23-27,AT,23-27_L_W,515,Atlantic
23-29,AT,23-29_R_W,515,Atlantic
23-31,AT,23-31_L_W,515,Atlantic
23-31,AT,23-31_R_W,515,Atlantic
B23_100,AT,B23_100_L_W,515,Atlantic
B23_100,AT,B23_100_R_W,515,Atlantic
B23_101,AT,B23_101_L_W,515,Atlantic
B23_101,AT,B23_101_R_W,515,Atlantic
B23_102,AT,B23_102_L_W,515,Atlantic
B23_102,AT,B23_102_R_W,515,Atlantic
B23_103,AT,B23_103_L_W,515,Atlantic
B23_103,AT,B23_103_R_W,515,Atlantic
B23_104,AT,B23_104_L_W,515,Atlantic
B23_104,AT,B23_104_R_W,515,Atlantic
B23_105,AT,B23_105_L_W,515,Atlantic
B23_105,AT,B23_105_R_W,515,Atlantic
B23_106,AT,B23_106_R_W,515,Atlantic
B23_107,AT,B23_107_L_W,515,Atlantic
B23_107,AT,B23_107_R_W,515,Atlantic
B23_108,AT,B23_108_L_W,515,Atlantic
B23_108,AT,B23_108_R_W,515,Atlantic
B23_109,AT,B23_109_L_W,515,Atlantic
B23_109,AT,B23_109_R_W,515,Atlantic
B23_110,AT,B23_110_L_W,515,Atlantic
B23_110,AT,B23_110_R_W,515,Atlantic
B23_111,AT,B23_111_L_W,515,Atlantic
B23_111,AT,B23_111_R_W,515,Atlantic
B23_112,AT,B23_112_L_W,515,Atlantic
B23_112,AT,B23_112_R_W,515,Atlantic
B23_113,AT,B23_113_L_W,515,Atlantic
B23_113,AT,B23_113_R_W,515,Atlantic
B23_114,AT,B23_114_L_W,515,Atlantic
B23_114,AT,B23_114_R_W,515,Atlantic
B23_115,AT,B23_115_L_W,515,Atlantic
B23_116,AT,B23_116_L_W,515,Atlantic
B23_116,AT,B23_116_R_W,515,Atlantic
B23_31,AT,B23_31_L_W,515,Atlantic
B23_31,AT,B23_31_R_W,515,Atlantic
B23_32,AT,B23_32_L_W,515,Atlantic
B23_32,AT,B23_32_R_W,515,Atlantic
B23_33,AT,B23_33_L_W,515,Atlantic
B23_33,AT,B23_33_R_W,515,Atlantic
B23_34,AT,B23_34_L_W,515,Atlantic
B23_34,AT,B23_34_R_W,515,Atlantic
B23_35,AT,B23_35_L_W,515,Atlantic
B23_35,AT,B23_35_R_W,515,Atlantic
B23_36,AT,B23_36_L_W,515,Atlantic
B23_36,AT,B23_36_R_W,515,Atlantic
B23_37,AT,B23_37_L_W,515,Atlantic
B23_37,AT,B23_37_R_W,515,Atlantic
B23_38,AT,B23_38_L_W,515,Atlantic
B23_38,AT,B23_38_R_W,515,Atlantic
B23_39,AT,B23_39_L_W,515,Atlantic
B23_39,AT,B23_39_R_W,515,Atlantic
B23_40,AT,B23_40_L_W,515,Atlantic
B23_40,AT,B23_40_R_W,515,Atlantic
B23_41,AT,B23_41_L_W,515,Atlantic
B23_41,AT,B23_41_R_W,515,Atlantic
B23_42,AT,B23_42_L_W,515,Atlantic
B23_42,AT,B23_42_R_W,515,Atlantic
B23_43,AT,B23_43_L_W,515,Atlantic
B23_43,AT,B23_43_R_W,515,Atlantic
B23_44,AT,B23_44_L_W,515,Atlantic
B23_44,AT,B23_44_R_W,515,Atlantic
B23_45,AT,B23_45_L_W,515,Atlantic
B23_45,AT,B23_45_R_W,515,Atlantic
B23_46,AT,B23_46_L_W,515,Atlantic
B23_46,AT,B23_46_R_W,515,Atlantic
B23_47,AT,B23_47_L_W,515,Atlantic
B23_47,AT,B23_47_R_W,515,Atlantic
B23_48,AT,B23_48_L_W,515,Atlantic
B23_48,AT,B23_48_R_W,515,Atlantic
B23_49,AT,B23_49_L_W,515,Atlantic
B23_49,AT,B23_49_R_W,515,Atlantic
B23_50,AT,B23_50_L_W,515,Atlantic
B23_50,AT,B23_50_R_W,515,Atlantic
B23_51,AT,B23_51_R_W,515,Atlantic
B23_52,AT,B23_52_L_W,515,Atlantic
B23_52,AT,B23_52_R_W,515,Atlantic
B23_53,AT,B23_53_L_W,515,Atlantic
B23_53,AT,B23_53_R_W,515,Atlantic
B23_54,AT,B23_54_L_W,515,Atlantic
B23_54,AT,B23_54_R_W,515,Atlantic
B23_55,AT,B23_55_L_W,515,Atlantic
B23_55,AT,B23_55_R_W,515,Atlantic
B23_56,AT,B23_56_L_W,515,Atlantic
B23_56,AT,B23_56_R_W,515,Atlantic
B23_57,AT,B23_57_L_W,515,Atlantic
B23_57,AT,B23_57_R_W,515,Atlantic
B23_58,AT,B23_58_L_W,515,Atlantic
B23_58,AT,B23_58_R_W,515,Atlantic
B23_59,AT,B23_59_L_W,515,Atlantic
B23_59,AT,B23_59_R_W,515,Atlantic
B23_60,AT,B23_60_L_W,515,Atlantic
B23_61,AT,B23_61_L_W,515,Atlantic
B23_61,AT,B23_61_R_W,515,Atlantic
B23_62,AT,B23_62_L_W,515,Atlantic
B23_62,AT,B23_62_R_W,515,Atlantic
B23_63,AT,B23_63_L_W,515,Atlantic
B23_63,AT,B23_63_R_W,515,Atlantic
B23_64,AT,B23_64_L_W,515,Atlantic
B23_64,AT,B23_64_R_W,515,Atlantic
B23_65,AT,B23_65_L_W,515,Atlantic
B23_65,AT,B23_65_R_W,515,Atlantic
B23_66,AT,B23_66_L_W,515,Atlantic
B23_66,AT,B23_66_R_W,515,Atlantic
B23_67,AT,B23_67_L_W,515,Atlantic
B23_67,AT,B23_67_R_W,515,Atlantic
B23_68,AT,B23_68_L_W,515,Atlantic
B23_68,AT,B23_68_R_W,515,Atlantic
B23_69,AT,B23_69_L_W,515,Atlantic
B23_69,AT,B23_69_R_W,515,Atlantic
B23_70,AT,B23_70_L_W,515,Atlantic
B23_70,AT,B23_70_R_W,515,Atlantic
B23_71,AT,B23_71_L_W,515,Atlantic
B23_71,AT,B23_71_R_W,515,Atlantic
B23_72,AT,B23_72_L_W,515,Atlantic
B23_72,AT,B23_72_R_W,515,Atlantic
B23_73,AT,B23_73_L_W,515,Atlantic
B23_73,AT,B23_73_R_W,515,Atlantic
B23_74,AT,B23_74_L_W,515,Atlantic
B23_74,AT,B23_74_R_W,515,Atlantic
B23_75,AT,B23_75_L_W,515,Atlantic
B23_75,AT,B23_75_R_W,515,Atlantic
B23_76,AT,B23_76_L_W,515,Atlantic
B23_76,AT,B23_76_R_W,515,Atlantic
B23_77,AT,B23_77_L_W,515,Atlantic
B23_77,AT,B23_77_R_W,515,Atlantic
B23_78,AT,B23_78_L_W,515,Atlantic
B23_78,AT,B23_78_R_W,515,Atlantic
B23_79,AT,B23_79_L_W,515,Atlantic
B23_79,AT,B23_79_R_W,515,Atlantic
B23_80,AT,B23_80_R_W,515,Atlantic
B23_81,AT,B23_81_L_W,515,Atlantic
B23_81,AT,B23_81_R_W,515,Atlantic
B23_82,AT,B23_82_L_W,515,Atlantic
B23_82,AT,B23_82_R_W,515,Atlantic
B23_83,AT,B23_83_L_W,515,Atlantic
B23_83,AT,B23_83_R_W,515,Atlantic
B23_84,AT,B23_84_L_W,515,Atlantic
B23_84,AT,B23_84_R_W,515,Atlantic
B23_85,AT,B23_85_L_W,515,Atlantic
B23_85,AT,B23_85_R_W,515,Atlantic
B23_86,AT,B23_86_L_W,515,Atlantic
B23_86,AT,B23_86_R_W,515,Atlantic
B23_87,AT,B23_87_L_W,515,Atlantic
B23_87,AT,B23_87_R_W,515,Atlantic
B23_88,AT,B23_88_L_W,515,Atlantic
B23_88,AT,B23_88_R_W,515,Atlantic
B23_89,AT,B23_89_L_W,515,Atlantic
B23_89,AT,B23_89_R_W,515,Atlantic
B23_90,AT,B23_90_L_W,515,Atlantic
B23_90,AT,B23_90_R_W,515,Atlantic
B23_91,AT,B23_91_L_W,515,Atlantic
B23_91,AT,B23_91_R_W,515,Atlantic
B23_92,AT,B23_92_L_W,515,Atlantic
B23_92,AT,B23_92_R_W,515,Atlantic
B23_93,AT,B23_93_L_W,515,Atlantic
B23_93,AT,B23_93_R_W,515,Atlantic
B23_94,AT,B23_94_L_W,515,Atlantic
B23_94,AT,B23_94_R_W,515,Atlantic
B23_95,AT,B23_95_L_W,515,Atlantic
B23_95,AT,B23_95_R_W,515,Atlantic
B23_96,AT,B23_96_L_W,515,Atlantic
B23_96,AT,B23_96_R_W,515,Atlantic
B23_97,AT,B23_97_L_W,515,Atlantic
B23_97,AT,B23_97_R_W,515,Atlantic
B23_98,AT,B23_98_L_W,515,Atlantic
B23_98,AT,B23_98_R_W,515,Atlantic
B23_99,AT,B23_99_L_W,515,Atlantic
B23_99,AT,B23_99_R_W,515,Atlantic
BOR_23-106,AT,BOR_23-106_R_W,515,Atlantic
BOR_23-107,AT,BOR_23-107_R_W,515,Atlantic
BOR_23-108,AT,BOR_23-108_L_W,515,Atlantic
BOR_23-108,AT,BOR_23-108_R_W,515,Atlantic
BOR_23-109,AT,BOR_23-109_L_W,515,Atlantic
BOR_23-109,AT,BOR_23-109_R_W,515,Atlantic
BOR_23-110,AT,BOR_23-110_R_W,515,Atlantic
BOR_23-111,AT,BOR_23-111_L_W,515,Atlantic
BOR_23-111,AT,BOR_23-111_R_W,515,Atlantic
BOR_23-112,AT,BOR_23-112_L_W,515,Atlantic
BOR_23-112,AT,BOR_23-112_R_W,515,Atlantic
BOR_23-114,AT,BOR_23-114_L_W,515,Atlantic
BOR_23-115,AT,BOR_23-115_R_W,515,Atlantic
BOR_23-116,AT,BOR_23-116_L_W,515,Atlantic
BOR_23-116,AT,BOR_23-116_R_W,515,Atlantic
BOR_23-117,AT,BOR_23-117_R_W,515,Atlantic
BOR_23-118,AT,BOR_23-118_L_W,515,Atlantic
BOR_23-118,AT,BOR_23-118_R_W,515,Atlantic
BOR_23-119,AT,BOR_23-119_L_W,515,Atlantic
BOR_23-119,AT,BOR_23-119_R_W,515,Atlantic
BOR_23-120,AT,BOR_23-120_L_W,515,Atlantic
BOR_23-120,AT,BOR_23-120_R_W,515,Atlantic
BOR_23-121,AT,BOR_23-121_R_W,515,Atlantic
BOR_23-122,AT,BOR_23-122_R_W,515,Atlantic
BOR_23-124,AT,BOR_23-124_L_W,515,Atlantic
BOR_23-125,AT,BOR_23-125_L_W,515,Atlantic
BOR_23-125,AT,BOR_23-125_R_W,515,Atlantic
BOR_23-126,AT,BOR_23-126_L_W,515,Atlantic
BOR_23-126,AT,BOR_23-126_R_W,515,Atlantic
DEE_1_2021,AT,DEE_1_2021_L_W,515,Atlantic
DEE_1_2021,AT,DEE_1_2021_R_W,515,Atlantic
DEE_10_2021,AT,DEE_10_2021_L_W,515,Atlantic
DEE_10_2021,AT,DEE_10_2021_R_W,515,Atlantic
DEE_11_2021,AT,DEE_11_2021_L_W,515,Atlantic
DEE_11_2021,AT,DEE_11_2021_R_W,515,Atlantic
DEE_2_2021,AT,DEE_2_2021_L_W,515,Atlantic
DEE_2_2021,AT,DEE_2_2021_R_W,515,Atlantic
DEE_3_2021,AT,DEE_3_2021_R_W,515,Atlantic
DEE_4_2021,AT,DEE_4_2021_L_W,515,Atlantic
DEE_4_2021,AT,DEE_4_2021_R_W,515,Atlantic
DEE_5_2021,AT,DEE_5_2021_L_W,515,Atlantic
DEE_5_2021,AT,DEE_5_2021_R_W,515,Atlantic
DEE_6_2021,AT,DEE_6_2021_L_W,515,Atlantic
DEE_8_2021,AT,DEE_8_2021_L_W,515,Atlantic
DEE_9_2021,AT,DEE_9_2021_L_W,515,Atlantic
DEE_9_2021,AT,DEE_9_2021_R_W,515,Atlantic
ENG_17_067_1,AT,ENG_17_067_1_L_W,515,Atlantic
ENG_17_067_2,AT,ENG_17_067_2_L_W,515,Atlantic
ENG_17_067_3,AT,ENG_17_067_3_L_W,515,Atlantic
ENG_17_067_3,AT,ENG_17_067_3_R_W,515,Atlantic
ENG_17_068_1,AT,ENG_17_068_1_L_W,515,Atlantic
ENG_17_069_1,AT,ENG_17_069_1_L_W,515,Atlantic
ENG_17_069_1,AT,ENG_17_069_1_R_W,515,Atlantic
ENG_17_069_2,AT,ENG_17_069_2_R_W,515,Atlantic
ENG_17_069_3,AT,ENG_17_069_3_L_W,515,Atlantic
ENG_17_070_1,AT,ENG_17_070_1_R_W,515,Atlantic
ENG_21_061_1,AT,ENG_21_061_1_L_W,515,Atlantic
ENG_21_061_2,AT,ENG_21_061_2_L_W,515,Atlantic
ENG_21_061_3,AT,ENG_21_061_3_L_W,515,Atlantic
ENG_21_061_4,AT,ENG_21_061_4_L_W,515,Atlantic
ENG_21_061_5,AT,ENG_21_061_5_L_W,515,Atlantic
ENG_21_061_5,AT,ENG_21_061_5_R_W,515,Atlantic
ENG_21_061_6,AT,ENG_21_061_6_R_W,515,Atlantic
F11,AT,F11_L_W,515,Atlantic
F21,AT,F21_L_W,515,Atlantic
F22,AT,F22_R_W,515,Atlantic
F24,AT,F24_L_W,515,Atlantic
F25,AT,F25_R_W,515,Atlantic
F26,AT,F26_R_W,515,Atlantic
F27,AT,F27_L_W,515,Atlantic
F30,AT,F30_L_W,515,Atlantic
FAR_1,AT,FAR_1_L_W,515,Atlantic
FAR_1,AT,FAR_1_R_W,515,Atlantic
FAR_10,AT,FAR_10_L_W,515,Atlantic
FAR_10,AT,FAR_10_R_W,515,Atlantic
FAR_11,AT,FAR_11_L_W,515,Atlantic
FAR_11,AT,FAR_11_R_W,515,Atlantic
FAR_12,AT,FAR_12_L_W,515,Atlantic
FAR_12,AT,FAR_12_R_W,515,Atlantic
FAR_2,AT,FAR_2_L_W,515,Atlantic
FAR_2,AT,FAR_2_R_W,515,Atlantic
FAR_3,AT,FAR_3_L_W,515,Atlantic
FAR_3,AT,FAR_3_R_W,515,Atlantic
FAR_4,AT,FAR_4_L_W,515,Atlantic
FAR_4,AT,FAR_4_R_W,515,Atlantic
FAR_5,AT,FAR_5_L_W,515,Atlantic
FAR_5,AT,FAR_5_R_W,515,Atlantic
FAR_7,AT,FAR_7_L_W,515,Atlantic
FAR_7,AT,FAR_7_R_W,515,Atlantic
FAR_8,AT,FAR_8_L_W,515,Atlantic
FAR_8,AT,FAR_8_R_W,515,Atlantic
GL_1,AT,GL_1_L_W,413,Atlantic
GL_1,AT,GL_1_R_W,413,Atlantic
GL_10,AT,GL_10_L_W,515,Atlantic
GL_10,AT,GL_10_R_W,515,Atlantic
GL_11,AT,GL_11_L_W,515,Atlantic
GL_11,AT,GL_11_R_W,515,Atlantic
GL_2,AT,GL_2_L_W,413,Atlantic
GL_3,AT,GL_3_L_W,413,Atlantic
GL_3,AT,GL_3_R_W,413,Atlantic
GL_4,AT,GL_4_L_W,413,Atlantic
GL_4,AT,GL_4_R_W,413,Atlantic
GL_5,AT,GL_5_L_W,413,Atlantic
GL_5,AT,GL_5_R_W,413,Atlantic
GL_6,AT,GL_6_L_W,413,Atlantic
GL_6,AT,GL_6_R_W,413,Atlantic
GL_7,AT,GL_7_L_W,413,Atlantic
GL_8,AT,GL_8_L_W,413,Atlantic
GL_8,AT,GL_8_R_W,413,Atlantic
GL_9,AT,GL_9_L_W,413,Atlantic
GL_9,AT,GL_9_R_W,413,Atlantic
ICELAND_1,AT,ICELAND_1_R_W,515,Atlantic
ICELAND_10,AT,ICELAND_10_L_W,515,Atlantic
ICELAND_11,AT,ICELAND_11_L_W,515,Atlantic
ICELAND_12,AT,ICELAND_12_L_W,515,Atlantic
ICELAND_12,AT,ICELAND_12_R_W,515,Atlantic
ICELAND_13,AT,ICELAND_13_L_W,515,Atlantic
ICELAND_13,AT,ICELAND_13_R_W,515,Atlantic
ICELAND_14,AT,ICELAND_14_R_W,515,Atlantic
ICELAND_15,AT,ICELAND_15_L_W,515,Atlantic
ICELAND_16,AT,ICELAND_16_R_W,515,Atlantic
ICELAND_18,AT,ICELAND_18_L_W,515,Atlantic
ICELAND_19,AT,ICELAND_19_L_W,515,Atlantic
ICELAND_19,AT,ICELAND_19_R_W,515,Atlantic
ICELAND_2,AT,ICELAND_2_L_W,515,Atlantic
ICELAND_20,AT,ICELAND_20_L_W,515,Atlantic
ICELAND_20,AT,ICELAND_20_R_W,515,Atlantic
ICELAND_21,AT,ICELAND_21_R_W,515,Atlantic
ICELAND_23,AT,ICELAND_23_R_W,515,Atlantic
ICELAND_24,AT,ICELAND_24_L_W,515,Atlantic
ICELAND_24,AT,ICELAND_24_R_W,515,Atlantic
ICELAND_25,AT,ICELAND_25_L_W,515,Atlantic
ICELAND_26,AT,ICELAND_26_L_W,515,Atlantic
ICELAND_26,AT,ICELAND_26_R_W,515,Atlantic
ICELAND_4,AT,ICELAND_4_L_W,515,Atlantic
ICELAND_4,AT,ICELAND_4_R_W,515,Atlantic
ICELAND_5,AT,ICELAND_5_R_W,515,Atlantic
ICELAND_5,AT,ICELAND_5_L_W,515,Atlantic
ICELAND_6,AT,ICELAND_6_L_W,515,Atlantic
ICELAND_7,AT,ICELAND_7_L_W,515,Atlantic
ICELAND_8,AT,ICELAND_8_L_W,515,Atlantic
ICELAND_9,AT,ICELAND_9_L_W,515,Atlantic
ICELAND_9,AT,ICELAND_9_R_W,515,Atlantic
IRE_10,AT,IRE_10_L_W,413,Atlantic
IRE_10,AT,IRE_10_R_W,413,Atlantic
IRE_11,AT,IRE_11_L_W,515,Atlantic
IRE_11,AT,IRE_11_R_W,515,Atlantic
IRE_13,AT,IRE_13_L_W,515,Atlantic
IRE_13,AT,IRE_13_R_W,515,Atlantic
IRE_14,AT,IRE_14_L_W,515,Atlantic
IRE_14,AT,IRE_14_R_W,515,Atlantic
IRE_15,AT,IRE_15_L_W,515,Atlantic
IRE_15,AT,IRE_15_R_W,515,Atlantic
IRE_16,AT,IRE_16_L_W,515,Atlantic
IRE_16,AT,IRE_16_R_W,515,Atlantic
IRE_17,AT,IRE_17_L_W,515,Atlantic
IRE_18,AT,IRE_18_R_W,515,Atlantic
IRE_19,AT,IRE_19_L_W,515,Atlantic
IRE_19,AT,IRE_19_R_W,515,Atlantic
IRE_1,AT,IRE_1_R_W,413,Atlantic
IRE_20,AT,IRE_20_L_W,515,Atlantic
IRE_20,AT,IRE_20_R_W,515,Atlantic
IRE_21,AT,IRE_21_L_W,515,Atlantic
IRE_21,AT,IRE_21_R_W,515,Atlantic
IRE_2,AT,IRE_2_L_W,413,Atlantic
IRE_3,AT,IRE_3_L_W,413,Atlantic
IRE_3,AT,IRE_3_R_W,413,Atlantic
IRE_4,AT,IRE_4_L_W,413,Atlantic
IRE_4,AT,IRE_4_R_W,413,Atlantic
IRE_5,AT,IRE_5_L_W,413,Atlantic
IRE_5,AT,IRE_5_R_W,413,Atlantic
IRE_6,AT,IRE_6_L_W,413,Atlantic
IRE_6,AT,IRE_6_R_W,413,Atlantic
IRE_7,AT,IRE_7_L_W,413,Atlantic
IRE_7,AT,IRE_7_R_W,413,Atlantic
IRE_8,AT,IRE_8_L_W,413,Atlantic
IRE_8,AT,IRE_8_R_W,413,Atlantic
IRE_9,AT,IRE_9_L_W,413,Atlantic
IRE_9,AT,IRE_9_R_W,413,Atlantic
KAR_23-261,AT,KAR_23-261_R_W,515,Atlantic
KAR_23-262,AT,KAR_23-262_L_W,515,Atlantic
KAR_23-263,AT,KAR_23-263_L_W,515,Atlantic
KAR_23-264,AT,KAR_23-264_L_W,515,Atlantic
KAR_23-265,AT,KAR_23-265_L_W,515,Atlantic
KOM_23-186,AT,KOM_23-186_L_W,515,Atlantic
KOM_23-186,AT,KOM_23-186_R_W,515,Atlantic
KOM_23-188,AT,KOM_23-188_L_W,515,Atlantic
KOM_23-188,AT,KOM_23-188_R_W,515,Atlantic
KOM_23-189,AT,KOM_23-189_L_W,515,Atlantic
KOM_23-190,AT,KOM_23-190_L_W,515,Atlantic
KOM_23-190,AT,KOM_23-190_R_W,515,Atlantic
KOM_23-191,AT,KOM_23-191_R_W,515,Atlantic
KOM_23-193,AT,KOM_23-193_R_W,515,Atlantic
KOM_23-194,AT,KOM_23-194_L_W,515,Atlantic
KOM_23-194,AT,KOM_23-194_R_W,515,Atlantic
KOM_23-196,AT,KOM_23-196_L_W,515,Atlantic
KOM_23-196,AT,KOM_23-196_R_W,515,Atlantic
KOM_23-198,AT,KOM_23-198_L_W,515,Atlantic
KOM_23-199,AT,KOM_23-199_L_W,515,Atlantic
KOM_23-199,AT,KOM_23-199_R_W,515,Atlantic
KOM_23-200,AT,KOM_23-200_L_W,515,Atlantic
KOM_23-201,AT,KOM_23-201_L_W,515,Atlantic
KOM_23-201,AT,KOM_23-201_R_W,515,Atlantic
KOM_23-202,AT,KOM_23-202_L_W,515,Atlantic
KOM_23-202,AT,KOM_23-202_R_W,515,Atlantic
KOM_23-203,AT,KOM_23-203_L_W,515,Atlantic
KOM_23-203,AT,KOM_23-203_R_W,515,Atlantic
KOM_23-204,AT,KOM_23-204_L_W,515,Atlantic
KOM_23-204,AT,KOM_23-204_R_W,515,Atlantic
KOM_23-205,AT,KOM_23-205_R_W,515,Atlantic
KOM_23-206,AT,KOM_23-206_L_W,515,Atlantic
KOM_23-206,AT,KOM_23-206_R_W,515,Atlantic
KOM_23-207,AT,KOM_23-207_R_W,515,Atlantic
KOM_23-208,AT,KOM_23-208_R_W,515,Atlantic
KOM_23-209,AT,KOM_23-209_L_W,515,Atlantic
KOM_23-209,AT,KOM_23-209_R_W,515,Atlantic
KOM_23-210,AT,KOM_23-210_L_W,515,Atlantic
KOM_23-211,AT,KOM_23-211_L_W,515,Atlantic
KOM_23-211,AT,KOM_23-211_R_W,515,Atlantic
KOM_23-213,AT,KOM_23-213_L_W,515,Atlantic
KOM_23-213,AT,KOM_23-213_R_W,515,Atlantic
KOM_23-214,AT,KOM_23-214_L_W,515,Atlantic
KOM_23-214,AT,KOM_23-214_R_W,515,Atlantic
KOM_23-215,AT,KOM_23-215_L_W,515,Atlantic
KOM_23-215,AT,KOM_23-215_R_W,515,Atlantic
LAK_23-46,AT,LAK_23-46_L_W,515,Atlantic
LAK_23-46,AT,LAK_23-46_R_W,515,Atlantic
LAK_23-47,AT,LAK_23-47_L_W,515,Atlantic
LAK_23-47,AT,LAK_23-47_R_W,515,Atlantic
LAK_23-48,AT,LAK_23-48_L_W,515,Atlantic
LAK_23-48,AT,LAK_23-48_R_W,515,Atlantic
LAK_23-49,AT,LAK_23-49_L_W,515,Atlantic
LAK_23-50,AT,LAK_23-50_L_W,515,Atlantic
LAK_23-50,AT,LAK_23-50_R_W,515,Atlantic
LAK_23-51,AT,LAK_23-51_L_W,515,Atlantic
LAK_23-51,AT,LAK_23-51_R_W,515,Atlantic
LAK_23-52,AT,LAK_23-52_L_W,515,Atlantic
LAK_23-52,AT,LAK_23-52_R_W,515,Atlantic
LAK_23-53,AT,LAK_23-53_L_W,515,Atlantic
LAK_23-55,AT,LAK_23-55_R_W,515,Atlantic
LAK_23-56,AT,LAK_23-56_L_W,515,Atlantic
LAK_23-58,AT,LAK_23-58_L_W,515,Atlantic
LAK_23-58,AT,LAK_23-58_R_W,515,Atlantic
LAK_23-59,AT,LAK_23-59_L_W,515,Atlantic
LAK_23-60,AT,LAK_23-60_L_W,515,Atlantic
LAK_23-60,AT,LAK_23-60_R_W,515,Atlantic
LAK_23-61,AT,LAK_23-61_L_W,515,Atlantic
LAK_23-61,AT,LAK_23-61_R_W,515,Atlantic
LAK_23-62,AT,LAK_23-62_L_W,515,Atlantic
LAK_23-62,AT,LAK_23-62_R_W,515,Atlantic
LAK_23-63,AT,LAK_23-63_R_W,515,Atlantic
LAK_23-64,AT,LAK_23-64_R_W,515,Atlantic
LAK_23-65,AT,LAK_23-65_L_W,515,Atlantic
LAK_23-65,AT,LAK_23-65_R_W,515,Atlantic
LAK_23-66,AT,LAK_23-66_L_W,515,Atlantic
LAK_23-66,AT,LAK_23-66_R_W,515,Atlantic
LAK_23-67,AT,LAK_23-67_L_W,515,Atlantic
LAK_23-68,AT,LAK_23-68_L_W,515,Atlantic
LAK_23-68,AT,LAK_23-68_R_W,515,Atlantic
LAK_23-69,AT,LAK_23-69_R_W,515,Atlantic
LAK_23-70,AT,LAK_23-70_L_W,515,Atlantic
LAK_23-70,AT,LAK_23-70_R_W,515,Atlantic
LAK_23-71,AT,LAK_23-71_L_W,515,Atlantic
LAK_23-71,AT,LAK_23-71_R_W,515,Atlantic
LAK_23-73,AT,LAK_23-73_L_W,515,Atlantic
LAK_23-74,AT,LAK_23-74_L_W,515,Atlantic
LAK_23-74,AT,LAK_23-74_R_W,515,Atlantic
LAK_23-75,AT,LAK_23-75_L_W,515,Atlantic
LAK_23-75,AT,LAK_23-75_R_W,515,Atlantic
MUN_23-266,AT,MUN_23-266_L_W,515,Atlantic
MUN_23-267,AT,MUN_23-267_R_W,515,Atlantic
MUN_23-268,AT,MUN_23-268_L_W,515,Atlantic
MUN_23-268,AT,MUN_23-268_R_W,515,Atlantic
MUN_23-269,AT,MUN_23-269_L_W,515,Atlantic
MUN_23-269,AT,MUN_23-269_R_W,515,Atlantic
MUN_23-270,AT,MUN_23-270_L_W,515,Atlantic
MUN_23-270,AT,MUN_23-270_R_W,515,Atlantic
MUN_23-272,AT,MUN_23-272_L_W,515,Atlantic
MUN_23-272,AT,MUN_23-272_R_W,515,Atlantic
MUN_23-274,AT,MUN_23-274_R_W,515,Atlantic
MUN_23-275,AT,MUN_23-275_R_W,515,Atlantic
MUN_23-276,AT,MUN_23-276_L_W,515,Atlantic
MUN_23-277,AT,MUN_23-277_L_W,515,Atlantic
MUN_23-277,AT,MUN_23-277_R_W,515,Atlantic
MUN_23-278,AT,MUN_23-278_L_W,515,Atlantic
MUN_23-278,AT,MUN_23-278_R_W,515,Atlantic
MUN_23-279,AT,MUN_23-279_R_W,515,Atlantic
MUN_23-281,AT,MUN_23-281_L_W,515,Atlantic
MUN_23-281,AT,MUN_23-281_R_W,515,Atlantic
MUN_23-283,AT,MUN_23-283_R_W,515,Atlantic
MUN_23-284,AT,MUN_23-284_L_W,515,Atlantic
MUN_23-286,AT,MUN_23-286_R_W,515,Atlantic
MUN_23-288,AT,MUN_23-288_L_W,515,Atlantic
MUN_23-289,AT,MUN_23-289_L_W,515,Atlantic
MUN_23-289,AT,MUN_23-289_R_W,515,Atlantic
MUN_23-290,AT,MUN_23-290_L_W,515,Atlantic
MUN_23-291,AT,MUN_23-291_L_W,515,Atlantic
MUN_23-291,AT,MUN_23-291_R_W,515,Atlantic
OYKEL_1,AT,OYKEL_1_L_W,515,Atlantic
OYKEL_1,AT,OYKEL_1_R_W,515,Atlantic
OYKEL_2,AT,OYKEL_2_L_W,515,Atlantic
OYKEL_2,AT,OYKEL_2_R_W,515,Atlantic
PL23_11,AT,PL23_11_L_W,515,Atlantic
PL23_11,AT,PL23_11_R_W,515,Atlantic
PL23_12,AT,PL23_12_L_W,515,Atlantic
PL23_12,AT,PL23_12_R_W,515,Atlantic
PL23_13,AT,PL23_13_L_W,515,Atlantic
PL23_13,AT,PL23_13_R_W,515,Atlantic
PL23_14,AT,PL23_14_L_W,515,Atlantic
PL23_14,AT,PL23_14_R_W,515,Atlantic
PL23_15,AT,PL23_15_L_W,515,Atlantic
PL23_15,AT,PL23_15_R_W,515,Atlantic
PL23_16,AT,PL23_16_L_W,515,Atlantic
PL23_17,AT,PL23_17_L_W,515,Atlantic
PL23_17,AT,PL23_17_R_W,515,Atlantic
PL23_18,AT,PL23_18_R_W,515,Atlantic
PL23_19,AT,PL23_19_R_W,515,Atlantic
PL23_20,AT,PL23_20_L_W,515,Atlantic
PL23_20,AT,PL23_20_R_W,515,Atlantic
PL23_21,AT,PL23_21_L_W,515,Atlantic
PL23_21,AT,PL23_21_R_W,515,Atlantic
PL23_22,AT,PL23_22_L_W,515,Atlantic
PL23_22,AT,PL23_22_R_W,515,Atlantic
PL23_8,AT,PL23_8_L_W,515,Atlantic
PL23_8,AT,PL23_8_R_W,515,Atlantic
PL23_9,AT,PL23_9_L_W,515,Atlantic
PL23_9,AT,PL23_9_R_W,515,Atlantic
REP_23-1,AT,REP_23-1_L_W,515,Atlantic
REP_23-1,AT,REP_23-1_R_W,515,Atlantic
REP_23-10,AT,REP_23-10_L_W,515,Atlantic
REP_23-11,AT,REP_23-11_L_W,515,Atlantic
REP_23-11,AT,REP_23-11_R_W,515,Atlantic
REP_23-12,AT,REP_23-12_L_W,515,Atlantic
REP_23-12,AT,REP_23-12_R_W,515,Atlantic
REP_23-14,AT,REP_23-14_R_W,515,Atlantic
REP_23-15,AT,REP_23-15_L_W,515,Atlantic
REP_23-15,AT,REP_23-15_R_W,515,Atlantic
REP_23-16,AT,REP_23-16_L_W,515,Atlantic
REP_23-16,AT,REP_23-16_R_W,515,Atlantic
REP_23-2,AT,REP_23-2_L_W,515,Atlantic
REP_23-32,AT,REP_23-32_L_W,515,Atlantic
REP_23-32,AT,REP_23-32_R_W,515,Atlantic
REP_23-33,AT,REP_23-33_R_W,515,Atlantic
REP_23-34,AT,REP_23-34_L_W,515,Atlantic
REP_23-34,AT,REP_23-34_R_W,515,Atlantic
REP_23-35,AT,REP_23-35_R_W,515,Atlantic
REP_23-36,AT,REP_23-36_L_W,515,Atlantic
REP_23-36,AT,REP_23-36_R_W,515,Atlantic
REP_23-37,AT,REP_23-37_L_W,515,Atlantic
REP_23-37,AT,REP_23-37_R_W,515,Atlantic
REP_23-38,AT,REP_23-38_L_W,515,Atlantic
REP_23-4,AT,REP_23-4_R_W,515,Atlantic
REP_23-40,AT,REP_23-40_L_W,515,Atlantic
REP_23-40,AT,REP_23-40_R_W,515,Atlantic
REP_23-41,AT,REP_23-41_L_W,515,Atlantic
REP_23-41,AT,REP_23-41_R_W,515,Atlantic
REP_23-43,AT,REP_23-43_L_W,515,Atlantic
REP_23-44,AT,REP_23-44_L_W,515,Atlantic
REP_23-45,AT,REP_23-45_L_W,515,Atlantic
REP_23-45,AT,REP_23-45_R_W,515,Atlantic
REP_23-5,AT,REP_23-5_R_W,515,Atlantic
REP_23-6,AT,REP_23-6_L_W,515,Atlantic
REP_23-6,AT,REP_23-6_R_W,515,Atlantic
REP_23-7,AT,REP_23-7_L_W,515,Atlantic
REP_23-7,AT,REP_23-7_R_W,515,Atlantic
REP_23-8,AT,REP_23-8_L_W,515,Atlantic
REP_23-8,AT,REP_23-8_R_W,515,Atlantic
SKA_23-216,AT,SKA_23-216_L_W,515,Atlantic
SKA_23-217,AT,SKA_23-217_R_W,515,Atlantic
SKA_23-219,AT,SKA_23-219_R_W,515,Atlantic
SKA_23-220,AT,SKA_23-220_L_W,515,Atlantic
SKA_23-220,AT,SKA_23-220_R_W,515,Atlantic
SKA_23-221,AT,SKA_23-221_L_W,515,Atlantic
SKA_23-221,AT,SKA_23-221_R_W,515,Atlantic
SKA_23-222,AT,SKA_23-222_L_W,515,Atlantic
SKA_23-222,AT,SKA_23-222_R_W,515,Atlantic
SKA_23-223,AT,SKA_23-223_L_W,515,Atlantic
SKA_23-223,AT,SKA_23-223_R_W,515,Atlantic
SKA_23-224,AT,SKA_23-224_L_W,515,Atlantic
SKA_23-225,AT,SKA_23-225_L_W,515,Atlantic
SKA_23-225,AT,SKA_23-225_R_W,515,Atlantic
SKA_23-226,AT,SKA_23-226_R_W,515,Atlantic
SKA_23-227,AT,SKA_23-227_L_W,515,Atlantic
SKA_23-227,AT,SKA_23-227_R_W,515,Atlantic
SKA_23-228,AT,SKA_23-228_L_W,515,Atlantic
SKA_23-229,AT,SKA_23-229_L_W,515,Atlantic
SKA_23-231,AT,SKA_23-231_L_W,515,Atlantic
SKA_23-231,AT,SKA_23-231_R_W,515,Atlantic
SKA_23-232,AT,SKA_23-232_R_W,515,Atlantic
SKA_23-233,AT,SKA_23-233_L_W,515,Atlantic
SKA_23-233,AT,SKA_23-233_R_W,515,Atlantic
SKA_23-235,AT,SKA_23-235_L_W,515,Atlantic
SKA_23-236,AT,SKA_23-236_L_W,515,Atlantic
SKA_23-237,AT,SKA_23-237_L_W,515,Atlantic
SKA_23-238,AT,SKA_23-238_R_W,515,Atlantic
SKA_23-239,AT,SKA_23-239_R_W,515,Atlantic
SKA_23-241,AT,SKA_23-241_L_W,515,Atlantic
SKA_23-241,AT,SKA_23-241_R_W,515,Atlantic
SKA_23-242,AT,SKA_23-242_L_W,515,Atlantic
SKA_23-242,AT,SKA_23-242_R_W,515,Atlantic
SKA_23-244,AT,SKA_23-244_L_W,515,Atlantic
SKA_23-245,AT,SKA_23-245_L_W,515,Atlantic
STA_23-100,AT,STA_23-100_L_W,515,Atlantic
STA_23-100,AT,STA_23-100_R_W,515,Atlantic
STA_23-101,AT,STA_23-101_L_W,515,Atlantic
STA_23-101,AT,STA_23-101_R_W,515,Atlantic
STA_23-102,AT,STA_23-102_L_W,515,Atlantic
STA_23-102,AT,STA_23-102_R_W,515,Atlantic
STA_23-103,AT,STA_23-103_R_W,515,Atlantic
STA_23-104,AT,STA_23-104_L_W,515,Atlantic
STA_23-105,AT,STA_23-105_L_W,515,Atlantic
STA_23-105,AT,STA_23-105_R_W,515,Atlantic
STA_23-76,AT,STA_23-76_R_W,515,Atlantic
STA_23-77,AT,STA_23-77_L_W,515,Atlantic
STA_23-77,AT,STA_23-77_R_W,515,Atlantic
STA_23-79,AT,STA_23-79_L_W,515,Atlantic
STA_23-80,AT,STA_23-80_L_W,515,Atlantic
STA_23-81,AT,STA_23-81_L_W,515,Atlantic
STA_23-81,AT,STA_23-81_R_W,515,Atlantic
STA_23-83,AT,STA_23-83_L_W,515,Atlantic
STA_23-83,AT,STA_23-83_R_W,515,Atlantic
STA_23-85,AT,STA_23-85_L_W,515,Atlantic
STA_23-85,AT,STA_23-85_R_W,515,Atlantic
STA_23-86,AT,STA_23-86_L_W,515,Atlantic
STA_23-86,AT,STA_23-86_R_W,515,Atlantic
STA_23-87,AT,STA_23-87_L_W,515,Atlantic
STA_23-87,AT,STA_23-87_R_W,515,Atlantic
STA_23-88,AT,STA_23-88_L_W,515,Atlantic
STA_23-89,AT,STA_23-89_L_W,515,Atlantic
STA_23-89,AT,STA_23-89_R_W,515,Atlantic
STA_23-90,AT,STA_23-90_L_W,515,Atlantic
STA_23-90,AT,STA_23-90_R_W,515,Atlantic
STA_23-91,AT,STA_23-91_L_W,515,Atlantic
STA_23-91,AT,STA_23-91_R_W,515,Atlantic
STA_23-92,AT,STA_23-92_R_W,515,Atlantic
STA_23-93,AT,STA_23-93_L_W,515,Atlantic
STA_23-93,AT,STA_23-93_R_W,515,Atlantic
STA_23-94,AT,STA_23-94_L_W,515,Atlantic
STA_23-94,AT,STA_23-94_R_W,515,Atlantic
STA_23-95,AT,STA_23-95_L_W,515,Atlantic
STA_23-95,AT,STA_23-95_R_W,515,Atlantic
STA_23-96,AT,STA_23-96_R_W,515,Atlantic
STA_23-97,AT,STA_23-97_L_W,515,Atlantic
STA_23-97,AT,STA_23-97_R_W,515,Atlantic
STA_23-98,AT,STA_23-98_L_W,515,Atlantic
STA_23-98,AT,STA_23-98_R_W,515,Atlantic
STA_23-99,AT,STA_23-99_L_W,515,Atlantic
STA_23-99,AT,STA_23-99_R_W,515,Atlantic
TAN_23-127,AT,TAN_23-127_L_W,515,Atlantic
TAN_23-127,AT,TAN_23-127_R_W,515,Atlantic
TAN_23-128,AT,TAN_23-128_L_W,515,Atlantic
TAN_23-128,AT,TAN_23-128_R_W,515,Atlantic
TAN_23-129,AT,TAN_23-129_L_W,515,Atlantic
TAN_23-129,AT,TAN_23-129_R_W,515,Atlantic
TAN_23-130,AT,TAN_23-130_L_W,515,Atlantic
TAN_23-130,AT,TAN_23-130_R_W,515,Atlantic
TAN_23-131,AT,TAN_23-131_L_W,515,Atlantic
TAN_23-131,AT,TAN_23-131_R_W,515,Atlantic
TAN_23-132,AT,TAN_23-132_L_W,515,Atlantic
TAN_23-132,AT,TAN_23-132_R_W,515,Atlantic
TAN_23-133,AT,TAN_23-133_L_W,515,Atlantic
TAN_23-134,AT,TAN_23-134_R_W,515,Atlantic
TAN_23-135,AT,TAN_23-135_L_W,515,Atlantic
TAN_23-135,AT,TAN_23-135_R_W,515,Atlantic
TAN_23-136,AT,TAN_23-136_L_W,515,Atlantic
TAN_23-136,AT,TAN_23-136_R_W,515,Atlantic
TAN_23-137,AT,TAN_23-137_L_W,515,Atlantic
TAN_23-137,AT,TAN_23-137_R_W,515,Atlantic
TAN_23-138,AT,TAN_23-138_L_W,515,Atlantic
TAN_23-138,AT,TAN_23-138_R_W,515,Atlantic
TAN_23-139,AT,TAN_23-139_L_W,515,Atlantic
TAN_23-140,AT,TAN_23-140_L_W,515,Atlantic
TAN_23-140,AT,TAN_23-140_R_W,515,Atlantic
THURSD_1,AT,THURSD_1_L_W,515,Atlantic
THURSD_1,AT,THURSD_1_R_W,515,Atlantic
THURSD_2,AT,THURSD_2_L_W,515,Atlantic
THURSD_2,AT,THURSD_2_R_W,515,Atlantic
THURSD_3,AT,THURSD_3_L_W,515,Atlantic
THURSD_3,AT,THURSD_3_R_W,515,Atlantic
THURSD_4,AT,THURSD_4_L_W,515,Atlantic
THURSD_4,AT,THURSD_4_R_W,515,Atlantic
THURSD_5,AT,THURSD_5_L_W,515,Atlantic
THURSD_5,AT,THURSD_5_R_W,515,Atlantic
THURSD_6,AT,THURSD_6_R_W,515,Atlantic
THURSD_9,AT,THURSD_9_R_W,515,Atlantic
VES_23-172,AT,VES_23-172_L_W,515,Atlantic
VES_23-172,AT,VES_23-172_R_W,515,Atlantic
VES_23-173,AT,VES_23-173_R_W,515,Atlantic
VES_23-174,AT,VES_23-174_L_W,515,Atlantic
VES_23-174,AT,VES_23-174_R_W,515,Atlantic
VES_23-177,AT,VES_23-177_L_W,515,Atlantic
VES_23-178,AT,VES_23-178_L_W,515,Atlantic
VES_23-179,AT,VES_23-179_L_W,515,Atlantic
VES_23-179,AT,VES_23-179_R_W,515,Atlantic
VES_23-180,AT,VES_23-180_L_W,515,Atlantic
VES_23-180,AT,VES_23-180_R_W,515,Atlantic
VES_23-181,AT,VES_23-181_L_W,515,Atlantic
VES_23-181,AT,VES_23-181_R_W,515,Atlantic
VES_23-183,AT,VES_23-183_R_W,515,Atlantic
VES_23-246,AT,VES_23-246_L_W,515,Atlantic
VES_23-247,AT,VES_23-247_R_W,515,Atlantic
VES_23-250,AT,VES_23-250_L_W,515,Atlantic
VES_23-250,AT,VES_23-250_R_W,515,Atlantic
VES_23-252,AT,VES_23-252_R_W,515,Atlantic
VES_23-255,AT,VES_23-255_R_W,515,Atlantic
VES_23-257,AT,VES_23-257_L_W,515,Atlantic
VES_23-257,AT,VES_23-257_R_W,515,Atlantic
VES_23-260,AT,VES_23-260_L_W,515,Atlantic
VES_23-260,AT,VES_23-260_R_W,515,Atlantic
VES_23-343,AT,VES_23-343_L_W,515,Atlantic
VES_23-343,AT,VES_23-343_R_W,515,Atlantic
VES_23-345,AT,VES_23-345_L_W,515,Atlantic
VES_23-345,AT,VES_23-345_R_W,515,Atlantic
VJA_23-142,AT,VJA_23-142_L_W,515,Atlantic
VJA_23-143,AT,VJA_23-143_L_W,515,Atlantic
VJA_23-143,AT,VJA_23-143_R_W,515,Atlantic
VJA_23-144,AT,VJA_23-144_L_W,515,Atlantic
VJA_23-144,AT,VJA_23-144_R_W,515,Atlantic
VJA_23-145,AT,VJA_23-145_L_W,515,Atlantic
VJA_23-145,AT,VJA_23-145_R_W,515,Atlantic
VJA_23-146,AT,VJA_23-146_L_W,515,Atlantic
VJA_23-146,AT,VJA_23-146_R_W,515,Atlantic
VJA_23-148,AT,VJA_23-148_R_W,515,Atlantic
VJA_23-149,AT,VJA_23-149_L_W,515,Atlantic
VJA_23-149,AT,VJA_23-149_R_W,515,Atlantic
VJA_23-150,AT,VJA_23-150_R_W,515,Atlantic
VJA_23-151,AT,VJA_23-151_L_W,515,Atlantic
VJA_23-152,AT,VJA_23-152_L_W,515,Atlantic
VJA_23-153,AT,VJA_23-153_L_W,515,Atlantic
VJA_23-153,AT,VJA_23-153_R_W,515,Atlantic
VJA_23-154,AT,VJA_23-154_L_W,515,Atlantic
VJA_23-154,AT,VJA_23-154_R_W,515,Atlantic
VJA_23-155,AT,VJA_23-155_R_W,515,Atlantic
VJA_23-156,AT,VJA_23-156_L_W,515,Atlantic
VJA_23-156,AT,VJA_23-156_R_W,515,Atlantic
VJA_23-157,AT,VJA_23-157_R_W,515,Atlantic
VJA_23-158,AT,VJA_23-158_R_W,515,Atlantic
VJA_23-159,AT,VJA_23-159_L_W,515,Atlantic
VJA_23-160,AT,VJA_23-160_L_W,515,Atlantic
VJA_23-160,AT,VJA_23-160_R_W,515,Atlantic
VJA_23-161,AT,VJA_23-161_L_W,515,Atlantic
VJA_23-162,AT,VJA_23-162_L_W,515,Atlantic
VJA_23-162,AT,VJA_23-162_R_W,515,Atlantic
VJA_23-163,AT,VJA_23-163_L_W,515,Atlantic
VJA_23-164,AT,VJA_23-164_L_W,515,Atlantic
VJA_23-165,AT,VJA_23-165_L_W,515,Atlantic
VJA_23-169,AT,VJA_23-169_R_W,515,Atlantic
